{
  "model": "tfidf_logreg",
  "accuracy": 0.8755,
  "macro_f1": 0.8754,
  "per_class_f1": {
    "negative": 0.8713,
    "positive": 0.8794
  },
  "full_report": {
    "negative": {
      "precision": 0.8699690402476781,
      "recall": 0.8726708074534162,
      "f1-score": 0.8713178294573644,
      "support": 966.0
    },
    "positive": {
      "precision": 0.8806983511154219,
      "recall": 0.8781431334622823,
      "f1-score": 0.8794188861985472,
      "support": 1034.0
    },
    "accuracy": 0.8755,
    "macro avg": {
      "precision": 0.8753336956815501,
      "recall": 0.8754069704578493,
      "f1-score": 0.8753683578279559,
      "support": 2000.0
    },
    "weighted avg": {
      "precision": 0.8755160939663017,
      "recall": 0.8755,
      "f1-score": 0.875506075792556,
      "support": 2000.0
    }
  }
}